City_ID,City,Country,Lat,Lng,Max Temp,Humidity,Cloudiness,Wind Speed,Weather Description
0,Sistranda,NO,63.73,8.83,275.32,85,100,6.12,moderate rain
1,Mataura,NZ,-46.19,168.86,283.97,91,100,1.41,overcast clouds
2,East London,ZA,-33.02,27.91,299.89,80,0,7.3,clear sky
3,Rikitea,PF,-23.12,-134.97,299.22,71,48,7.1,light rain
4,Atuona,PF,-9.8,-139.03,298.24,79,10,6.12,light rain
5,Kapaa,US,22.08,-159.32,293.14,97,75,3.09,broken clouds
6,Vardo,NO,70.37,31.11,269.89,71,37,5.98,scattered clouds
7,Hobart,AU,-42.88,147.33,287.07,74,92,3.6,overcast clouds
8,Pochutla,MX,15.74,-96.47,302.05,45,21,1.48,few clouds
9,Upernavik,GL,72.79,-56.15,252.69,98,100,6.21,overcast clouds
10,Ushuaia,AR,-54.8,-68.3,283.94,61,46,18.01,scattered clouds
11,Hermanus,ZA,-34.42,19.23,296.43,81,96,3.07,overcast clouds
12,Le Port,RE,-20.94,55.29,300.15,74,28,2.95,scattered clouds
13,Ilulissat,GL,69.22,-51.1,274.16,51,75,6.17,broken clouds
14,Castro,BR,-24.79,-50.01,298.84,47,0,1.78,clear sky
15,Butaritari,KI,3.07,172.79,300.85,77,46,7.69,scattered clouds
16,Northam,GB,51.03,-4.22,282.05,92,100,9.15,light rain
17,Kavieng,PG,-2.57,150.8,300.27,77,100,1.1,light rain
18,Tautira,PF,-17.73,-149.15,297.16,76,98,5.5,overcast clouds
19,Tongliao,CN,43.61,122.27,250.18,100,12,2.1,few clouds
20,Yanam,IN,16.73,82.22,296.21,83,11,2.47,few clouds
21,Kodiak,US,57.79,-152.41,276.88,65,0,4.63,clear sky
22,Mutis,CO,6.23,-77.4,298.48,89,96,1.0,overcast clouds
23,Ponta Do Sol,PT,32.67,-17.1,294.1,65,14,1.19,few clouds
24,Sibiti,CG,-3.68,13.35,300.28,69,28,1.65,light rain
25,Mahebourg,MU,-20.41,57.7,300.31,78,40,0.51,scattered clouds
26,Norman Wells,CA,65.28,-126.83,247.17,70,40,3.6,scattered clouds
27,Busselton,AU,-33.65,115.33,287.09,68,0,6.55,clear sky
28,Katsuura,JP,35.13,140.3,278.21,56,100,1.44,overcast clouds
29,Souillac,MU,-20.52,57.52,300.36,78,40,0.51,scattered clouds
30,Provideniya,RU,64.38,-173.3,248.61,83,2,2.73,clear sky
31,Kolyshley,RU,52.7,44.54,271.55,97,100,3.3,overcast clouds
32,Hay River,CA,60.82,-115.8,242.14,76,40,1.54,scattered clouds
33,Pimentel,PE,-6.84,-79.93,298.31,65,0,2.06,clear sky
34,Chuy,UY,-33.7,-53.46,297.59,77,100,2.95,overcast clouds
35,Kaitangata,NZ,-46.28,169.85,284.22,65,100,4.2,overcast clouds
36,Hasaki,JP,35.73,140.83,271.37,58,34,3.03,scattered clouds
37,Lebu,CL,-37.62,-73.65,294.1,53,5,5.57,clear sky
38,Yulara,AU,-25.24,130.99,297.06,31,3,3.09,clear sky
39,Arraial Do Cabo,BR,-22.97,-42.03,300.07,69,75,2.57,broken clouds
40,Lakhna,IN,26.65,79.15,287.09,42,0,1.83,clear sky
41,Hudiksvall,SE,61.73,17.1,275.32,80,100,4.71,overcast clouds
42,Salym,RU,60.06,71.48,255.93,94,21,3.52,few clouds
43,Cherskiy,RU,68.75,161.3,242.14,98,100,4.06,overcast clouds
44,Adana,TR,36.98,35.29,287.44,67,0,2.06,clear sky
45,Kahului,US,20.89,-156.47,294.73,80,20,1.79,few clouds
46,Bluff,NZ,-46.6,168.33,284.15,65,75,6.41,broken clouds
47,Roxana,CR,10.28,-83.75,308.82,52,98,2.35,overcast clouds
48,Thompson,CA,55.74,-97.86,246.24,69,0,3.6,clear sky
49,Hithadhoo,MV,-0.6,73.08,300.86,67,82,4.32,broken clouds
50,Pisco,PE,-13.7,-76.22,296.49,64,0,3.09,clear sky
51,Bundaberg,AU,-24.85,152.35,294.31,86,31,3.09,scattered clouds
52,Cayenne,GF,4.93,-52.33,300.17,87,75,6.69,broken clouds
53,Mar Del Plata,AR,-38.0,-57.56,292.16,67,20,9.26,few clouds
54,Ebolowa,CM,2.9,11.15,305.75,33,41,2.28,scattered clouds
55,Coahuayana,MX,18.73,-103.68,300.87,33,64,2.36,broken clouds
56,Dikson,RU,73.51,80.55,255.55,75,100,12.59,overcast clouds
57,Albany,US,42.6,-73.97,283.38,45,99,3.13,overcast clouds
58,Burnie,AU,-41.07,145.92,288.92,74,64,6.28,broken clouds
59,Bredasdorp,ZA,-34.53,20.04,294.97,73,47,4.12,scattered clouds
60,Airai,TL,-8.93,125.41,288.52,94,83,1.09,broken clouds
61,Dandong,CN,40.13,124.39,271.8,56,100,3.18,overcast clouds
62,Ribeira Grande,PT,38.52,-28.7,290.37,82,75,8.75,broken clouds
63,Labuhan,ID,-6.88,112.21,298.49,85,100,2.19,heavy intensity rain
64,Holt,US,42.64,-84.52,267.01,67,100,6.69,overcast clouds
65,Dalhousie,IN,32.53,75.98,275.96,59,0,2.74,clear sky
66,Kathmandu,NP,27.72,85.32,283.27,87,20,2.06,few clouds
67,Lompoc,US,34.64,-120.46,296.92,45,0,5.66,clear sky
68,Pangai,TO,-19.8,-174.35,300.85,76,38,7.06,scattered clouds
69,Port Alfred,ZA,-33.59,26.89,299.37,83,8,8.24,clear sky
70,Nichinan,JP,31.6,131.37,284.92,92,100,3.05,overcast clouds
71,Port Blair,IN,11.67,92.75,298.87,67,8,6.87,clear sky
72,Sandpoint,US,48.28,-116.55,271.2,100,0,0.0,clear sky
73,Puerto Ayora,EC,-0.74,-90.35,300.13,86,91,1.79,overcast clouds
74,Korla,CN,41.76,86.15,271.61,45,77,1.08,broken clouds
75,Bilibino,RU,68.05,166.44,234.55,100,91,0.6,overcast clouds
76,Nalut,LY,30.33,10.85,290.47,22,15,1.9,few clouds
77,Oga,IT,46.46,10.35,273.53,65,0,1.71,clear sky
78,Avarua,CK,-21.21,-159.78,295.18,100,92,1.03,overcast clouds
79,Margate,GB,51.38,1.39,280.99,65,99,3.58,overcast clouds
80,Hilo,US,19.73,-155.09,294.0,84,100,4.63,overcast clouds
81,Caravelas,BR,-17.71,-39.25,302.44,61,96,4.39,overcast clouds
82,Yakeshi,CN,49.28,120.73,239.79,100,94,0.89,overcast clouds
83,Mapiripan,CO,2.89,-72.13,306.24,37,93,5.31,overcast clouds
84,Ambovombe,MG,-25.17,46.08,297.74,81,0,8.79,clear sky
85,Vila Velha,BR,-20.33,-40.29,300.12,84,40,5.14,moderate rain
86,Luderitz,NA,-26.65,15.16,296.75,66,40,0.29,scattered clouds
87,Alofi,NU,-19.06,-169.92,297.09,94,14,2.57,few clouds
88,Ust-Tsilma,RU,65.44,52.15,263.67,95,100,3.33,light snow
89,Ulladulla,AU,-35.35,150.47,289.87,84,100,1.7,overcast clouds
90,Ushibuka,JP,32.19,130.02,283.96,85,100,4.28,overcast clouds
91,Shirokiy,RU,49.76,129.52,257.82,94,100,4.22,overcast clouds
92,Perelyub,RU,51.87,50.37,263.05,99,79,2.09,broken clouds
93,Osakarovka,KZ,50.56,72.57,262.82,93,100,8.64,overcast clouds
94,Bethel,US,41.37,-73.41,287.64,52,0,7.72,clear sky
95,Baoro,CF,5.67,15.97,307.43,11,91,3.65,overcast clouds
96,Waterloo,CA,43.47,-80.52,267.53,67,20,9.26,few clouds
97,Namatanai,PG,-3.67,152.43,298.79,82,100,2.03,moderate rain
98,Marsh Harbour,BS,26.54,-77.06,297.87,75,7,4.23,clear sky
99,Hamilton,US,39.18,-84.53,273.19,79,100,5.66,overcast clouds
100,Linxia,CN,35.6,103.21,263.98,70,3,2.47,clear sky
101,Moratuwa,LK,6.77,79.88,298.29,89,95,3.57,overcast clouds
102,Zhezkazgan,KZ,47.8,67.71,269.14,93,100,8.0,overcast clouds
103,Qaanaaq,GL,77.48,-69.36,243.71,48,0,3.95,clear sky
104,Carutapera,BR,-1.2,-46.02,300.84,79,100,2.79,overcast clouds
105,Jamestown,US,42.1,-79.24,271.65,61,100,5.66,overcast clouds
106,Mukhen,RU,48.1,136.1,260.39,97,100,1.27,overcast clouds
107,Punta Arenas,CL,-53.15,-70.92,288.21,41,20,16.46,few clouds
108,Gerash,IR,27.67,54.14,291.23,42,85,0.95,overcast clouds
109,Sabang,ID,5.89,95.32,301.27,74,60,8.52,broken clouds
110,Kholmogory,RU,64.22,41.66,266.21,93,100,3.02,overcast clouds
111,Hauterive,FR,46.09,3.45,281.57,57,100,0.72,overcast clouds
112,Saint-Philippe,RE,-21.36,55.77,298.92,78,16,2.66,few clouds
113,Port Hedland,AU,-20.32,118.57,302.18,89,53,1.03,broken clouds
114,Kruisfontein,ZA,-34.0,24.73,297.48,78,33,6.57,scattered clouds
115,Mount Isa,AU,-20.73,139.5,297.02,83,52,0.0,broken clouds
116,Marsa Matruh,EG,31.35,27.25,287.22,70,0,4.24,clear sky
117,Kalmunai,LK,7.42,81.82,298.44,89,98,3.73,overcast clouds
118,San Patricio,US,28.02,-97.52,291.99,74,0,7.13,clear sky
119,Yellowknife,CA,62.46,-114.35,240.05,88,0,2.24,clear sky
120,Peniche,PT,39.36,-9.38,290.79,74,84,4.53,broken clouds
121,Bonavista,CA,48.65,-53.11,275.99,75,94,6.91,overcast clouds
122,New Norfolk,AU,-42.78,147.06,286.87,66,92,1.18,overcast clouds
123,Vicuna,CL,-30.03,-70.71,304.13,40,0,4.01,clear sky
124,Nemuro,JP,43.32,145.57,267.53,79,52,2.16,broken clouds
125,Cedar City,US,37.68,-113.06,276.15,56,0,4.12,clear sky
126,Gornopravdinsk,RU,60.05,69.9,257.11,92,85,4.24,overcast clouds
127,Ishinomaki,JP,38.42,141.3,276.24,78,25,4.29,scattered clouds
128,Saint-Augustin,CA,51.23,-58.65,272.33,99,100,7.22,snow
129,Jutai,BR,-5.18,-68.9,301.04,83,89,1.5,overcast clouds
130,Sao Francisco De Assis,BR,-29.55,-55.13,302.01,48,100,2.72,overcast clouds
131,Namibe,AO,-15.2,12.15,300.06,62,58,4.88,broken clouds
132,Faanui,PF,-16.48,-151.75,299.6,77,75,6.23,light rain
133,Victoria,HK,22.29,114.16,293.25,87,82,1.79,broken clouds
134,Raga,SS,8.46,25.68,303.11,15,45,2.69,scattered clouds
135,Cape Town,ZA,-33.93,18.42,297.1,69,0,6.17,clear sky
136,Pevek,RU,69.7,170.31,241.13,98,100,3.85,overcast clouds
137,Chokurdakh,RU,70.63,147.92,254.21,96,100,6.15,overcast clouds
138,Hualmay,PE,-11.1,-77.61,297.09,70,68,3.95,broken clouds
139,Kem,RU,64.96,34.58,263.33,93,98,3.82,overcast clouds
140,Lavrentiya,RU,65.58,-171.0,244.46,93,12,3.16,few clouds
141,Port Augusta,AU,-32.5,137.77,296.63,30,35,2.2,scattered clouds
142,Moindou,NC,-21.69,165.68,297.12,85,71,0.89,broken clouds
143,Port Elizabeth,ZA,-33.92,25.57,298.31,83,0,7.72,clear sky
144,Bolshoye Selo,RU,57.72,38.93,265.66,92,97,3.66,overcast clouds
145,Talnakh,RU,69.49,88.4,250.37,79,44,4.46,scattered clouds
146,Severo-Kurilsk,RU,50.68,156.12,265.72,79,77,1.48,broken clouds
147,Benghazi,LY,32.12,20.07,287.28,57,1,3.33,clear sky
148,Zheleznodorozhnyy,RU,55.75,38.0,270.9,90,43,3.78,scattered clouds
149,Yangjiang,CN,21.85,111.97,292.56,86,99,1.28,overcast clouds
150,Bystryy Istok,RU,52.37,84.39,250.42,100,28,1.66,scattered clouds
151,Geraldton,AU,-28.77,114.6,295.38,78,5,7.2,clear sky
152,Egvekinot,RU,66.32,-179.17,244.11,88,19,3.68,few clouds
153,Smoky Lake,CA,54.12,-112.47,268.42,73,99,0.51,overcast clouds
154,Tafresh,IR,34.69,50.01,274.96,85,57,0.33,broken clouds
155,Torbay,CA,47.67,-52.73,277.19,80,100,4.63,light rain
156,Verkhnyaya Inta,RU,65.98,60.31,259.46,88,100,5.67,light snow
157,Angoche,MZ,-16.23,39.91,299.29,87,75,3.56,light rain
158,Huallanca,PE,-9.9,-76.94,283.78,74,100,0.32,overcast clouds
159,Balila,JO,32.39,35.94,284.79,56,0,1.17,clear sky
160,La Ronge,CA,55.1,-105.28,245.29,63,20,0.0,few clouds
161,Acapulco,MX,16.86,-99.89,300.05,61,75,0.0,broken clouds
162,Longyearbyen,SJ,78.22,15.64,261.06,79,0,5.14,clear sky
163,Lorengau,PG,-2.02,147.27,300.21,75,94,1.6,overcast clouds
164,Shetpe,KZ,44.17,52.12,277.9,74,91,4.12,overcast clouds
165,Palmer,US,42.16,-72.33,287.77,47,100,4.12,overcast clouds
166,Georgetown,MY,5.41,100.34,301.42,78,20,1.54,few clouds
167,Broken Hill,AU,-31.95,141.43,297.66,23,0,4.68,clear sky
168,Lakatoro,VU,-16.1,167.42,299.58,84,100,0.15,overcast clouds
169,Ust-Omchug,RU,61.15,149.63,236.18,99,83,0.77,broken clouds
170,Klaksvik,FO,62.23,-6.59,278.66,83,100,5.34,overcast clouds
171,Holme,DK,56.11,10.17,277.91,80,100,8.91,overcast clouds
172,Salalah,OM,17.02,54.09,298.2,61,40,2.57,scattered clouds
173,Juneau,US,58.3,-134.42,276.95,96,100,7.2,light rain
174,Tasiilaq,GL,65.61,-37.64,262.24,64,100,1.31,overcast clouds
175,General Pico,AR,-35.66,-63.76,293.87,33,1,3.48,clear sky
176,Krasnoselkup,RU,65.7,82.47,252.39,90,5,5.98,clear sky
177,Te Anau,NZ,-45.42,167.72,280.77,82,82,1.46,broken clouds
178,Kabare,CD,-2.47,28.82,290.71,92,100,0.64,light rain
179,Nyurba,RU,63.28,118.33,243.1,100,100,1.27,overcast clouds
180,Zirgan,RU,53.22,55.92,263.06,100,92,1.93,overcast clouds
181,Umm Lajj,SA,25.02,37.27,296.58,24,0,6.56,clear sky
182,Holstebro,DK,56.36,8.62,278.68,84,100,2.24,overcast clouds
183,Ewa Beach,US,21.32,-158.01,295.42,82,20,1.54,few clouds
184,Laguna,US,38.42,-121.42,289.13,88,0,0.0,mist
185,Nikolskoye,RU,59.7,30.79,274.75,95,100,5.5,light snow
186,Gobabis,NA,-22.45,18.97,293.71,69,84,4.48,light rain
187,Hofn,IS,64.25,-15.21,270.42,68,94,9.07,overcast clouds
188,Petropavlovsk-Kamchatskiy,RU,53.05,158.65,255.48,71,0,3.0,clear sky
189,Bengkulu,ID,-3.8,102.27,298.25,86,100,2.14,overcast clouds
190,Tiksi,RU,71.69,128.87,249.91,92,93,8.07,overcast clouds
191,Ostrovnoy,RU,68.05,39.51,265.66,96,86,3.62,light snow
192,Tignere,CM,7.37,12.65,303.92,11,16,2.8,few clouds
193,Roma,US,43.21,-75.46,279.66,73,100,4.92,overcast clouds
194,Maceio,BR,-9.67,-35.74,302.84,65,40,2.06,scattered clouds
195,East Millcreek,US,40.7,-111.81,278.86,59,20,4.63,few clouds
196,Itum-Kale,RU,42.74,45.58,275.68,68,7,2.77,clear sky
197,Quchan,IR,37.11,58.51,274.65,93,97,0.52,overcast clouds
198,Aklavik,CA,68.22,-135.01,244.55,67,40,0.0,scattered clouds
199,Mersing,MY,2.43,103.84,299.1,83,47,2.57,scattered clouds
200,Lagoa,PT,39.05,-27.98,288.7,86,100,9.49,overcast clouds
201,Alta,NO,69.97,23.27,259.73,72,0,1.54,clear sky
202,Parakai,NZ,-36.65,174.43,296.88,76,78,8.65,broken clouds
203,Ha Tinh,VN,18.33,105.9,294.17,91,99,0.8,overcast clouds
204,Forest Grove,US,45.52,-123.11,281.88,65,0,0.45,clear sky
205,Zhuanghe,CN,39.7,122.99,272.7,42,100,2.83,overcast clouds
206,Marawi,PH,8.0,124.29,292.4,92,100,1.14,overcast clouds
207,San Ramon De La Nueva Oran,AR,-23.13,-64.33,291.47,94,100,1.09,overcast clouds
208,Okhotsk,RU,59.38,143.3,247.67,83,10,3.93,clear sky
209,Mercedes,AR,-34.65,-59.43,294.62,41,12,4.66,few clouds
210,Sao Filipe,CV,14.9,-24.5,300.07,43,89,8.25,overcast clouds
211,Castro Marim,PT,37.22,-7.44,290.14,71,54,4.69,broken clouds
212,Newala,TZ,-10.94,39.28,293.04,97,100,0.93,overcast clouds
213,Barrow,US,71.29,-156.79,235.16,100,20,3.6,few clouds
214,Abonnema,NG,4.71,6.79,306.05,47,92,7.21,overcast clouds
215,Pacific Grove,US,36.62,-121.92,291.28,59,0,2.24,clear sky
216,Isangel,VU,-19.55,169.27,299.47,89,82,1.94,broken clouds
217,Okha,RU,53.57,142.95,259.79,95,92,2.87,overcast clouds
218,Falticeni,RO,47.45,26.3,276.73,32,31,5.65,scattered clouds
219,Itanagar,IN,27.1,93.62,285.37,80,0,1.81,clear sky
220,Otjimbingwe,NA,-22.35,16.13,301.35,52,81,5.14,light rain
221,Baherden,TM,38.44,57.43,281.77,68,60,3.41,broken clouds
222,Skala,PL,50.23,19.85,275.59,55,0,1.54,clear sky
223,Yeppoon,AU,-23.13,150.73,296.03,72,28,8.54,scattered clouds
224,Zverinogolovskoye,RU,54.46,64.85,259.12,99,99,0.92,overcast clouds
225,Bathsheba,BB,13.22,-59.52,298.49,73,75,6.69,broken clouds
226,Kavaratti,IN,10.57,72.64,300.31,70,2,2.85,clear sky
227,Juarez,MX,31.73,-106.48,281.59,48,0,9.83,clear sky
228,Gejiu,CN,23.31,103.16,280.21,95,30,2.71,scattered clouds
229,Saldanha,ZA,-33.01,17.94,295.18,90,100,7.76,overcast clouds
230,Leningradskiy,RU,69.38,178.42,243.22,98,98,1.92,overcast clouds
231,Makokou,GA,0.57,12.86,303.72,45,83,1.88,broken clouds
232,Ahipara,NZ,-35.17,173.17,293.49,86,96,12.9,overcast clouds
233,Tarauaca,BR,-8.16,-70.77,304.82,56,84,1.91,broken clouds
234,Clyde River,CA,70.47,-68.59,246.28,69,100,11.83,light snow
235,Touros,BR,-5.2,-35.46,304.65,61,38,4.83,scattered clouds
236,Gorzow Wielkopolski,PL,52.74,15.23,275.49,63,95,2.88,overcast clouds
237,Gympie,AU,-26.19,152.66,293.32,76,33,3.26,scattered clouds
238,Chifeng,CN,42.27,118.96,262.66,66,96,1.74,overcast clouds
239,Kargasok,RU,59.06,80.86,252.02,99,63,3.88,broken clouds
240,Roswell,US,34.02,-84.36,290.59,66,0,4.12,clear sky
241,Jardim,BR,-21.48,-56.14,312.1,26,11,0.58,few clouds
242,Baoding,CN,38.85,115.49,273.6,62,100,3.34,light snow
243,Umea,SE,63.83,20.26,271.11,69,0,4.12,clear sky
244,Bonthe,SL,7.53,-12.5,303.83,57,17,6.76,few clouds
245,Gat,IL,31.61,34.76,288.37,8,0,3.17,clear sky
246,Beira,MZ,-19.84,34.84,302.2,70,20,6.17,few clouds
247,Naze,JP,28.37,129.48,289.89,90,100,6.63,overcast clouds
248,Ndioum,SN,16.51,-14.65,306.09,6,47,9.11,scattered clouds
249,Comodoro Rivadavia,AR,-45.87,-67.5,302.07,24,0,4.63,clear sky
250,Dillon,US,34.42,-79.37,292.58,49,68,3.85,broken clouds
251,Soavinandriana,MG,-19.17,46.73,293.11,73,79,0.34,broken clouds
252,Ranau,MY,5.95,116.66,293.51,96,100,0.35,overcast clouds
253,Carauari,BR,-4.88,-66.9,305.31,54,100,1.52,overcast clouds
254,Pandan,PH,14.05,124.17,297.61,91,100,2.96,light rain
255,Raikot,IN,30.65,75.6,283.95,61,0,2.78,clear sky
256,Sorland,NO,67.67,12.69,273.32,63,47,3.44,scattered clouds
257,Carnarvon,AU,-24.87,113.63,301.19,69,40,5.66,scattered clouds
258,Omboue,GA,-1.57,9.26,301.33,73,57,4.77,broken clouds
259,Vaini,TO,-21.2,-175.2,299.24,94,20,2.06,few clouds
260,Birjand,IR,32.87,59.22,282.41,61,100,4.12,overcast clouds
261,Bikaner,IN,28.02,73.3,292.4,17,0,0.72,clear sky
262,Cockburn Town,TC,21.46,-71.14,298.51,75,1,9.72,clear sky
263,Verkhnyaya Toyma,RU,62.23,45.0,265.78,97,98,2.3,overcast clouds
264,Wajir,KE,1.75,40.06,306.35,21,16,3.59,few clouds
265,Svobodnyy,RU,51.4,128.13,255.91,86,100,5.0,overcast clouds
266,Hobyo,SO,5.35,48.53,298.57,66,100,7.81,overcast clouds
267,Mount Gambier,AU,-37.83,140.77,291.1,72,75,3.6,broken clouds
268,Mancio Lima,BR,-7.61,-72.9,304.19,70,75,4.63,thunderstorm
269,Vryburg,ZA,-26.96,24.73,304.55,19,5,4.65,clear sky
270,Nanortalik,GL,60.14,-45.24,272.67,91,100,3.85,light snow
271,Portland,US,45.52,-122.68,282.51,60,0,4.92,clear sky
272,Hamada,JP,34.88,132.08,279.26,73,40,3.11,scattered clouds
273,Dingle,PH,11.0,122.67,297.06,91,91,3.88,overcast clouds
274,Harwich,GB,51.94,1.28,281.13,70,100,7.6,overcast clouds
275,Abu Zabad,SD,12.35,29.25,299.97,13,5,4.93,clear sky
276,Kenora,CA,49.82,-94.43,243.69,76,100,2.06,overcast clouds
277,Muisne,EC,0.6,-80.03,299.21,92,96,2.95,light rain
278,Berlevag,NO,70.86,29.09,269.29,78,90,7.53,overcast clouds
279,Grao Mogol,BR,-16.56,-42.89,298.85,71,63,0.73,broken clouds
280,Rundu,NA,-17.93,19.77,297.64,62,98,2.43,light rain
281,Tuatapere,NZ,-46.13,167.68,284.16,75,96,4.32,overcast clouds
282,Beyneu,KZ,45.32,55.2,278.2,80,98,5.96,overcast clouds
283,Dongsheng,CN,39.82,109.98,267.96,44,47,2.93,scattered clouds
284,Lagdo,CM,9.05,13.73,306.77,7,21,3.01,few clouds
285,Bantry,IE,51.68,-9.45,285.12,84,99,5.95,overcast clouds
286,Qostanay,KZ,53.17,63.58,264.63,96,100,2.05,light snow
287,Xuanhua,CN,40.61,115.04,267.5,63,31,0.5,scattered clouds
288,Amapa,BR,1.0,-52.0,301.26,73,97,2.22,overcast clouds
289,Sitka,US,57.05,-135.33,278.09,81,100,6.17,light rain
290,Pangnirtung,CA,66.15,-65.71,255.15,78,100,1.54,light snow
291,Saskylakh,RU,71.92,114.08,255.74,77,34,6.03,scattered clouds
292,Tshela,CD,-4.98,12.93,303.78,58,26,1.61,scattered clouds
293,Flinders,AU,-34.58,150.86,291.6,92,96,1.79,overcast clouds
294,Sobreira,PT,41.52,-7.8,287.04,67,97,2.3,overcast clouds
295,Hami,CN,42.8,93.45,271.35,55,82,0.61,broken clouds
296,Kununurra,AU,-15.77,128.73,299.14,94,16,3.09,few clouds
297,Kaeo,NZ,-35.1,173.78,293.92,83,99,11.77,overcast clouds
298,Bulawayo,ZW,-20.15,28.58,298.45,41,89,5.43,overcast clouds
299,Meulaboh,ID,4.14,96.13,298.85,84,74,1.33,broken clouds
300,Tank,PK,32.22,70.38,289.89,35,0,0.77,clear sky
301,Plettenberg Bay,ZA,-34.05,23.37,296.2,73,88,2.27,overcast clouds
302,Swan Hill,AU,-35.34,143.55,298.18,33,0,5.9,clear sky
303,Nizhnevartovsk,RU,60.93,76.55,252.6,84,0,6.0,clear sky
304,Rudbar,AF,30.15,62.6,289.43,24,0,4.0,clear sky
305,Port Hardy,CA,50.7,-127.42,276.35,93,100,1.54,fog
306,Calvia,ES,39.57,2.51,288.1,71,9,1.91,clear sky
307,Dabola,GN,10.75,-11.12,307.87,8,1,1.95,clear sky
308,Vestmannaeyjar,IS,63.44,-20.27,274.7,80,75,2.57,broken clouds
309,Pirgos,GR,35.12,25.72,287.97,61,44,2.15,scattered clouds
310,Yinchuan,CN,38.47,106.27,271.44,70,98,2.15,overcast clouds
311,Blagodatnoye,RU,45.4,42.59,277.66,71,98,3.45,overcast clouds
312,Tabou,CI,4.42,-7.35,301.66,69,59,4.37,broken clouds
313,Fallon,US,39.47,-118.78,277.55,74,0,1.54,clear sky
314,Gravdal,NO,68.12,13.5,270.26,74,15,4.21,few clouds
315,Tuktoyaktuk,CA,69.45,-133.04,240.15,68,20,3.09,few clouds
316,Maltahohe,NA,-24.83,16.98,301.3,38,88,2.99,light rain
317,Opunake,NZ,-39.46,173.86,296.4,94,72,3.99,broken clouds
318,Axim,GH,4.87,-2.24,302.28,66,100,4.89,overcast clouds
319,Duminichi,RU,53.93,35.11,264.77,95,23,2.99,few clouds
320,Khuzhir,RU,53.19,107.34,250.4,90,61,1.91,broken clouds
321,Bambous Virieux,MU,-20.34,57.76,300.29,78,40,0.51,scattered clouds
322,Billings,US,45.78,-108.5,273.43,56,75,9.83,broken clouds
323,Matadi,CD,-5.82,13.45,307.16,43,72,1.84,broken clouds
324,Ancud,CL,-41.87,-73.82,297.72,61,71,2.77,broken clouds
325,Constitucion,CL,-35.33,-72.42,295.93,48,1,3.27,clear sky
326,Kultuk,RU,51.72,103.7,248.45,96,98,1.45,overcast clouds
327,Islamkot,PK,24.7,70.18,294.47,23,0,3.06,clear sky
328,Makakilo City,US,21.35,-158.09,294.64,82,20,1.54,few clouds
329,Cabo San Lucas,MX,22.89,-109.91,295.32,41,20,0.0,few clouds
330,Eirunepe,BR,-6.66,-69.87,305.33,53,72,1.8,broken clouds
331,Ensley,US,30.52,-87.27,291.41,80,40,2.57,scattered clouds
332,Ayan,RU,56.45,138.17,252.4,81,57,2.9,broken clouds
333,Porto Santo,PT,33.07,-16.34,291.36,68,40,7.2,scattered clouds
334,Marovoay,MG,-16.1,46.63,301.23,86,76,3.43,broken clouds
335,Husavik,IS,66.04,-17.34,268.1,81,61,2.78,broken clouds
336,Yumen,CN,40.28,97.2,269.61,43,100,4.29,overcast clouds
337,Yarovoye,RU,52.93,78.58,261.69,90,97,5.53,overcast clouds
338,Ytre Arna,NO,60.47,5.43,279.46,98,100,4.62,light rain
339,Milkovo,RU,54.72,158.62,249.28,99,96,1.07,overcast clouds
340,Walvis Bay,NA,-22.96,14.51,299.68,57,17,4.12,few clouds
341,Kutum,SD,14.2,24.67,297.1,8,49,3.97,scattered clouds
342,Devonport,AU,-41.17,146.35,283.76,83,63,3.82,broken clouds
343,Kuryk,KZ,43.2,51.65,280.71,80,69,5.35,broken clouds
344,Hanting,CN,36.77,119.21,277.66,57,100,2.34,overcast clouds
345,Paamiut,GL,61.99,-49.67,267.46,95,100,5.45,snow
346,Sambava,MG,-14.27,50.17,298.31,85,32,3.53,moderate rain
347,Gaspe,CA,48.83,-64.48,278.27,75,100,6.17,overcast clouds
348,Codrington,AU,-38.27,141.97,290.72,69,18,4.84,few clouds
349,Dasoguz,TM,41.84,59.97,278.21,75,100,2.06,overcast clouds
350,Katherine,AU,-14.47,132.27,299.33,83,10,0.0,clear sky
351,Dunedin,NZ,-45.87,170.5,284.15,69,100,4.47,overcast clouds
352,Road Town,VG,18.42,-64.62,301.2,78,40,4.63,scattered clouds
353,Huarmey,PE,-10.07,-78.15,297.19,73,78,3.98,broken clouds
354,Aykhal,RU,66.0,111.5,252.25,100,87,1.86,overcast clouds
355,Mugur-Aksy,RU,50.35,90.5,244.17,84,19,2.82,few clouds
356,Kharp,RU,66.8,65.81,250.01,97,100,2.78,overcast clouds
357,Casper,US,42.87,-106.31,270.65,71,0,9.77,clear sky
358,High Level,CA,58.52,-117.14,252.21,84,40,0.0,scattered clouds
359,Lesosibirsk,RU,58.24,92.48,254.64,89,7,3.7,clear sky
360,Broome,US,42.25,-75.83,280.38,65,100,7.72,overcast clouds
361,Tveit,NO,58.23,8.12,279.05,91,100,9.26,moderate rain
362,Uri,IN,34.08,74.03,276.84,54,4,3.04,clear sky
363,Belyy Yar,RU,53.6,91.39,243.09,56,25,0.0,smoke
364,Ngaoundere,CM,7.32,13.58,303.48,12,32,4.62,scattered clouds
365,Qasigiannguit,GL,68.82,-51.19,274.29,64,100,15.17,overcast clouds
366,Auki,SB,-8.77,160.7,297.03,93,100,1.71,overcast clouds
367,Beringovskiy,RU,63.05,179.32,240.97,95,21,3.44,few clouds
368,Sao Joao Da Barra,BR,-21.64,-41.05,302.2,77,100,0.97,overcast clouds
369,Saint George,US,37.1,-113.58,287.41,25,0,3.13,clear sky
370,Siilinjarvi,FI,63.08,27.67,270.16,74,40,4.12,scattered clouds
371,Loukhi,RU,66.08,33.04,262.12,88,96,2.92,overcast clouds
372,Hoopstad,ZA,-27.83,25.91,303.83,23,11,2.33,few clouds
373,Mehriz,IR,31.59,54.43,282.43,87,100,3.02,overcast clouds
374,Marienburg,PL,54.04,19.03,274.96,61,79,4.54,broken clouds
375,Victoria Point,AU,-27.58,153.3,294.23,75,90,0.89,overcast clouds
376,Maningrida,AU,-12.07,134.27,300.28,75,5,2.89,clear sky
377,Oktyabrskoye,RU,43.06,44.74,275.01,74,40,2.0,scattered clouds
378,Morondava,MG,-20.28,44.28,301.13,82,57,4.49,light rain
379,Emerald,AU,-23.53,148.17,297.23,64,15,4.63,few clouds
380,Kilakarai,IN,9.23,78.78,298.94,78,97,6.98,overcast clouds
381,Yasnyy,RU,51.03,59.87,271.27,95,100,8.83,light snow
382,Jiblah,YE,13.92,44.15,288.77,79,100,1.9,overcast clouds
383,Kalga,RU,50.93,118.9,246.4,100,95,1.53,overcast clouds
384,Praia,CV,14.92,-23.51,301.45,51,92,11.83,overcast clouds
385,Springbok,ZA,-29.66,17.89,299.85,39,100,2.93,overcast clouds
386,Kumla,SE,59.13,15.14,277.12,75,40,5.66,drizzle
387,Rayachoti,IN,14.05,78.75,294.79,71,36,2.3,scattered clouds
388,Esil,KZ,51.96,66.4,262.3,96,100,3.1,overcast clouds
389,Yar-Sale,RU,66.83,70.83,251.39,88,100,6.62,overcast clouds
390,Tessalit,ML,20.2,1.01,301.31,8,62,5.72,broken clouds
391,Eureka,US,40.8,-124.16,282.81,55,0,1.7,clear sky
392,Neiafu,TO,-18.65,-173.98,300.53,78,20,3.6,few clouds
393,Sabha,LY,27.04,14.43,290.52,20,0,3.12,clear sky
394,Daru,PG,-9.08,143.21,299.36,77,27,4.6,scattered clouds
395,Golden,US,39.76,-105.22,273.76,68,75,0.89,snow
396,Wum,CM,6.38,10.07,303.65,11,85,3.88,overcast clouds
397,Iqaluit,CA,63.75,-68.51,242.0,62,20,0.0,few clouds
398,Nilanga,IN,18.1,76.77,296.33,32,11,4.21,few clouds
399,Kankon,IN,15.02,74.02,299.04,70,6,2.84,clear sky
400,Poltavka,RU,54.37,71.76,257.82,96,100,3.73,light snow
401,Lazaro Cardenas,MX,17.96,-102.2,300.13,39,90,1.57,overcast clouds
402,Lata,PT,40.16,-8.33,288.75,67,100,2.64,overcast clouds
403,Salinas,US,36.68,-121.66,291.51,57,0,6.69,clear sky
404,Khatanga,RU,71.97,102.5,248.0,86,94,3.56,overcast clouds
405,Vilhena,BR,-12.74,-60.15,300.27,78,75,5.14,broken clouds
406,Urubamba,PE,-13.3,-72.12,285.65,91,100,1.73,overcast clouds
407,Fortuna,US,40.6,-124.16,282.66,71,0,4.63,clear sky
408,Victor Harbor,AU,-35.57,138.62,296.99,56,81,3.07,broken clouds
409,Agirish,RU,61.92,63.02,257.39,96,100,2.55,overcast clouds
410,Maragogi,BR,-9.01,-35.22,303.43,60,63,6.78,broken clouds
411,Seydi,TM,39.48,62.91,278.92,43,0,3.26,clear sky
412,Prince Rupert,CA,54.32,-130.32,276.98,93,75,2.06,broken clouds
413,Dhidhdhoo,MV,6.88,73.1,300.77,73,100,3.81,overcast clouds
414,Russell,US,32.35,-85.2,291.14,67,0,0.0,clear sky
415,Vestmanna,FO,62.16,-7.17,277.66,93,75,2.57,broken clouds
416,Yamoussoukro,CI,6.82,-5.28,309.09,34,40,3.09,scattered clouds
417,Asmar,AF,35.03,71.36,283.11,42,16,1.82,few clouds
418,Valparaiso,CL,-33.04,-71.63,293.95,67,20,6.17,few clouds
419,Port Lincoln,AU,-34.73,135.87,293.37,69,100,4.27,overcast clouds
420,Melilla,ES,35.29,-2.94,290.26,72,40,3.09,scattered clouds
421,Palu,ID,-0.89,119.87,296.87,98,100,0.17,light rain
422,Stryn,NO,61.9,6.72,278.7,90,100,4.05,overcast clouds
423,Kapoeta,SS,4.77,33.59,307.09,19,11,4.43,few clouds
424,Saint-Francois,FR,46.42,3.91,279.84,69,0,2.06,clear sky
425,El Vigia,VE,8.62,-71.65,302.7,59,80,2.81,broken clouds
426,Ketchikan,US,55.34,-131.65,277.41,87,100,3.09,overcast clouds
427,Aban,RU,56.67,96.06,251.21,97,13,3.45,few clouds
428,Trairi,BR,-3.28,-39.27,302.04,66,91,3.83,overcast clouds
429,Matagami,CA,49.75,-77.63,245.21,69,0,6.17,clear sky
430,Iracoubo,GF,5.48,-53.2,299.61,83,75,5.35,broken clouds
431,Pinheiro Machado,BR,-31.58,-53.38,305.14,34,60,3.24,moderate rain
432,Acajutla,SV,13.59,-89.83,304.15,51,3,2.26,clear sky
433,Nizamabad,IN,18.67,78.12,293.99,24,23,3.28,few clouds
434,Lagos,NG,6.58,3.75,304.33,56,100,4.62,overcast clouds
435,San Quintin,MX,30.48,-115.95,292.46,40,3,0.72,clear sky
436,Tolstoy-Yurt,RU,43.44,45.77,278.33,70,0,4.0,clear sky
437,Kolondieba,ML,11.09,-6.89,308.32,7,55,2.44,broken clouds
438,Kulhudhuffushi,MV,6.62,73.07,300.84,72,100,3.79,overcast clouds
439,Irbeyskoye,RU,55.64,95.45,246.71,100,41,1.23,scattered clouds
440,Vila Franca Do Campo,PT,37.72,-25.43,292.15,68,96,5.06,overcast clouds
441,Perivolion,GR,39.42,20.01,286.9,72,100,2.2,overcast clouds
442,Maniitsoq,GL,65.42,-52.9,262.65,86,100,8.15,light snow
443,Poum,NC,-20.23,164.02,300.01,77,87,1.45,overcast clouds
444,Ocala,US,29.19,-82.14,297.6,67,0,0.0,clear sky
445,Macamic,CA,48.75,-79.0,248.28,85,100,4.71,overcast clouds
446,Cap Malheureux,MU,-19.98,57.61,300.42,74,74,0.89,broken clouds
447,Deputatskiy,RU,69.3,139.9,248.56,92,100,2.78,overcast clouds
448,Hannibal,US,39.71,-91.36,264.66,57,75,4.63,broken clouds
449,Tipitapa,NI,12.2,-86.1,303.16,54,75,9.26,broken clouds
450,Bintulu,MY,3.17,113.03,297.38,100,40,1.54,scattered clouds
451,Taoudenni,ML,22.68,-3.98,297.99,13,0,5.39,clear sky
452,Vikhorevka,RU,56.12,101.16,250.92,100,53,0.47,broken clouds
453,Padang,ID,-0.95,100.35,298.84,81,98,1.71,overcast clouds
454,Upanema,BR,-5.64,-37.26,298.97,39,95,3.84,overcast clouds
455,Yekaterinoslavka,RU,50.37,129.11,256.71,96,100,4.1,overcast clouds
456,Nome,US,64.5,-165.41,256.19,60,100,3.6,overcast clouds
457,San Severo,IT,41.69,15.38,283.93,76,73,4.34,broken clouds
458,Rawson,AR,-43.3,-65.1,298.99,20,94,0.65,overcast clouds
459,Ondjiva,AO,-17.07,15.73,298.17,65,40,4.12,thunderstorm
460,Valleyview,CA,55.07,-117.29,269.17,74,100,4.12,overcast clouds
461,Tilichiki,RU,60.47,166.1,243.49,92,10,4.01,clear sky
462,Dossor,KZ,47.53,52.98,274.06,98,100,3.28,overcast clouds
463,Harper,LR,4.38,-7.72,302.02,67,64,3.81,broken clouds
464,Senneterre,CA,48.38,-77.23,248.27,81,100,5.23,overcast clouds
465,Iroquois Falls,CA,48.77,-80.68,246.23,87,100,3.72,overcast clouds
466,Niteroi,BR,-22.88,-43.1,302.02,61,75,6.17,broken clouds
467,Leshukonskoye,RU,64.9,45.76,265.25,95,100,2.72,overcast clouds
468,Akureyri,IS,65.68,-18.09,268.11,68,100,0.0,overcast clouds
469,Hambantota,LK,6.12,81.12,298.39,85,77,4.81,moderate rain
470,Soyaniquilpan,MX,19.98,-99.5,290.01,17,34,2.78,scattered clouds
471,Kifri,IQ,34.7,44.97,286.61,49,0,3.39,clear sky
472,Waipawa,NZ,-41.41,175.52,287.85,97,100,6.3,moderate rain
473,Muzhi,RU,65.37,64.67,258.04,95,100,5.17,light snow
474,Flin Flon,CA,54.77,-101.86,247.06,70,0,3.6,clear sky
475,Qaqortoq,GL,60.72,-46.03,273.43,98,100,1.34,snow
476,Batouri,CM,4.43,14.37,304.17,17,20,0.92,few clouds
477,Sumenep,ID,-7.02,113.87,297.41,93,100,4.12,light rain
478,Port Hawkesbury,CA,45.62,-61.35,284.66,64,0,7.2,clear sky
479,Dharchula,IN,29.85,80.53,281.34,46,0,3.15,clear sky
480,Sterling,US,39.01,-77.43,288.12,59,75,6.69,broken clouds
481,Kantunilkin,MX,21.09,-87.45,300.06,70,61,2.45,broken clouds
482,Bocaiuva,BR,-17.11,-43.82,299.99,87,100,2.62,overcast clouds
483,Gambo,CF,4.65,22.26,302.85,22,63,0.76,broken clouds
484,Montrose,US,38.42,-108.27,269.7,44,29,1.65,scattered clouds
485,Rocha,UY,-34.48,-54.33,292.93,95,100,5.08,overcast clouds
486,Narsaq,GL,60.92,-46.05,273.27,97,100,1.37,snow
487,Punta Alta,AR,-38.88,-62.07,295.51,25,14,0.88,few clouds
488,Mabaruma,GY,8.2,-59.78,300.44,61,92,3.07,overcast clouds
489,Tyukalinsk,RU,55.87,72.2,254.9,95,100,4.6,overcast clouds
490,Bella Union,UY,-30.28,-57.6,299.38,56,99,8.05,overcast clouds
491,Balabac,PH,7.99,117.06,299.82,83,100,6.74,moderate rain
492,Fairbanks,US,64.84,-147.72,253.16,77,75,1.54,broken clouds
493,Polazna,RU,58.29,56.41,269.81,97,99,2.18,light snow
494,Guerande,FR,47.33,-2.43,281.9,73,99,3.96,overcast clouds
495,Imeni Stepana Razina,RU,54.89,44.3,268.69,97,100,3.19,snow
496,Esperance,AU,-33.87,121.9,291.06,68,99,6.09,overcast clouds
497,Dong Hoi,VN,17.48,106.6,295.3,91,97,3.62,overcast clouds
498,Natal,BR,-5.8,-35.21,304.51,66,40,7.72,scattered clouds
499,Guerrero Negro,MX,27.98,-114.06,292.64,47,100,1.69,overcast clouds
500,Togur,RU,58.36,82.83,253.45,98,13,3.1,few clouds
501,Vao,NC,-22.67,167.48,299.79,82,100,2.77,overcast clouds
502,Los Llanos De Aridane,ES,28.66,-17.92,291.01,79,75,6.17,broken clouds
503,Kadayanallur,IN,9.08,77.35,297.0,86,91,1.5,moderate rain
504,Jieshi,CN,22.81,115.83,292.01,86,76,6.92,broken clouds
505,Benguela,AO,-12.58,13.41,300.28,59,88,3.24,overcast clouds
506,Kieta,PG,-6.22,155.63,298.67,77,86,1.32,overcast clouds
507,College,US,64.86,-147.8,252.59,77,75,1.54,broken clouds
508,Coquimbo,CL,-29.95,-71.34,294.0,68,20,4.63,few clouds
509,Dalvik,IS,65.97,-18.53,268.11,88,92,2.24,overcast clouds
510,Naryan-Mar,RU,67.67,53.09,261.87,93,96,5.66,overcast clouds
511,San Martin,AR,-33.08,-68.47,294.45,20,19,3.44,few clouds
512,Pundaguitan,PH,6.37,126.17,300.02,77,96,7.48,overcast clouds
513,Otane,NZ,-39.88,176.63,290.03,99,98,1.51,overcast clouds
514,Shache,CN,38.42,77.24,276.17,38,57,2.73,broken clouds
515,Shellbrook,CA,53.22,-106.4,254.72,93,92,2.79,overcast clouds
516,Porbandar,IN,21.64,69.61,295.08,34,5,4.6,clear sky
517,Manado,ID,1.49,124.85,297.58,100,40,0.0,scattered clouds
518,Tokat,TR,40.42,36.58,266.27,71,19,1.74,few clouds
519,Sioux Lookout,CA,50.1,-91.92,245.36,76,75,1.54,broken clouds
520,Kathu,TH,7.92,98.33,304.09,70,98,3.69,overcast clouds
521,Kochi,IN,9.94,76.26,300.14,79,83,0.95,broken clouds
522,Mason City,US,43.15,-93.2,255.77,75,0,3.6,clear sky
523,Sena Madureira,BR,-9.07,-68.66,305.31,58,82,1.43,broken clouds
524,Coihaique,CL,-45.58,-72.07,295.12,46,0,3.6,clear sky
525,Haines Junction,CA,60.75,-137.51,273.12,69,74,1.54,broken clouds
526,Vanavara,RU,60.34,102.28,244.52,100,77,0.82,broken clouds
527,Wuda,CN,39.5,106.71,267.97,87,76,1.81,broken clouds
528,Saint-Joseph,RE,-21.37,55.62,298.36,79,27,1.48,scattered clouds
529,Atessa,IT,42.07,14.45,278.6,94,100,2.16,light rain
530,Grand Gaube,MU,-20.01,57.66,300.37,75,84,1.34,broken clouds
531,Kaputa,ZM,-8.47,29.66,294.18,87,100,0.38,overcast clouds
532,Griffith,US,41.53,-87.42,266.58,61,0,8.23,clear sky
533,Cooma,AU,-36.23,149.13,284.02,93,70,3.6,broken clouds
534,Cidreira,BR,-30.18,-50.21,299.62,68,8,7.14,clear sky
535,Port Hueneme,US,34.15,-119.2,300.14,20,0,6.17,clear sky
536,Watertown,US,42.37,-71.18,288.78,47,75,8.75,broken clouds
537,Richmond,US,37.55,-77.46,292.08,38,20,6.17,few clouds
538,Jimo,CN,36.39,120.46,274.03,100,100,0.0,fog
539,Dombarovskiy,RU,50.76,59.54,271.57,89,100,10.07,overcast clouds
540,Araouane,ML,18.9,-3.53,298.18,10,2,5.12,clear sky
541,Dharmanagar,IN,24.37,92.17,286.08,66,0,0.74,clear sky
542,Krasnyye Baki,RU,57.13,45.16,268.52,90,100,3.15,light snow
543,Carahue,CL,-38.7,-73.17,301.26,14,24,2.11,few clouds
544,Tabuk,PH,17.42,121.44,294.23,89,100,1.9,overcast clouds
545,Grindavik,IS,63.84,-22.43,270.12,74,0,5.66,clear sky
546,Chapais,CA,49.78,-74.85,249.03,78,100,5.18,overcast clouds
547,Varhaug,NO,58.61,5.65,279.2,94,100,11.35,light rain
548,Petropavlovka,RU,50.61,105.32,244.99,98,97,0.89,overcast clouds
549,Rorvik,NO,64.86,11.24,274.52,79,100,6.2,overcast clouds
550,Sakakah,SA,29.97,40.21,287.91,32,0,2.37,clear sky
551,Mitsamiouli,KM,-11.38,43.28,298.93,83,100,4.94,light rain
552,Hagere Hiywet,ET,8.98,37.85,293.19,39,99,4.82,overcast clouds
553,Mazyr,BY,52.05,29.25,270.07,86,8,3.48,clear sky
554,Ginda,IN,30.69,78.49,278.31,38,0,3.42,clear sky
555,Ambilobe,MG,-13.2,49.05,296.13,94,22,0.57,moderate rain
556,Newport,GB,51.59,-3.0,282.18,85,100,0.89,overcast clouds
557,Moranbah,AU,-22.0,148.05,294.74,78,20,4.94,few clouds
558,Xiongzhou,CN,25.12,114.3,283.74,92,100,1.55,light rain
559,Teguldet,RU,57.31,88.17,255.86,90,19,4.21,few clouds
560,Dindigul,IN,10.35,77.95,299.34,77,86,1.53,overcast clouds
561,Turkistan,KZ,43.0,68.0,273.77,68,72,2.91,broken clouds
562,Sobolevo,RU,54.43,31.9,267.91,88,10,5.45,clear sky
563,Moose Jaw,CA,50.4,-105.53,259.98,81,100,2.59,overcast clouds
564,Sungaipenuh,ID,-2.08,101.38,291.33,94,100,1.32,overcast clouds
565,Penzance,GB,50.12,-5.54,283.02,92,100,12.88,overcast clouds
566,Lewistown,US,40.6,-77.57,283.14,96,75,7.72,broken clouds
567,Takoradi,GH,4.88,-1.76,301.75,69,94,4.99,overcast clouds
568,Idar,DE,49.72,7.3,278.53,78,100,1.8,overcast clouds
569,Kapustin Yar,RU,48.58,45.74,274.39,99,100,1.99,snow
570,La Rochelle,FR,46.17,-1.15,282.64,61,0,1.54,clear sky
571,Gamba,GA,-2.65,10.0,300.03,80,60,4.33,broken clouds
572,Buraydah,SA,26.33,43.98,287.4,29,0,4.02,clear sky
573,Ozernovskiy,RU,51.5,156.52,266.52,79,23,0.74,few clouds
574,Itabera,BR,-23.86,-49.14,301.07,45,0,2.76,clear sky
575,Mao,ES,39.89,4.27,287.46,54,0,3.09,clear sky
576,Soe,ID,-9.86,124.28,292.22,95,94,0.88,overcast clouds
577,Tura,IN,25.52,90.22,286.27,72,0,1.74,clear sky
578,Yangambi,CD,0.81,24.43,301.05,48,90,0.96,overcast clouds
579,Maidstone,GB,51.27,0.52,280.85,67,93,3.58,overcast clouds
580,Ambon,ID,-3.7,128.18,298.23,94,40,2.06,moderate rain
581,Kloulklubed,PW,7.04,134.26,300.43,76,72,10.7,broken clouds
582,Mushie,CD,-3.02,16.9,300.27,74,90,2.1,light rain
583,Lapua,FI,62.97,23.01,271.99,94,54,2.18,broken clouds
584,Biryukove,UA,47.96,39.74,276.32,97,100,6.17,overcast clouds
585,Bulaevo,KZ,54.91,70.44,257.48,96,100,3.16,light snow
586,Port-Gentil,GA,-0.72,8.78,302.13,79,40,5.66,scattered clouds
587,Trincomalee,LK,8.57,81.23,299.4,85,100,7.4,overcast clouds
588,Sur,OM,22.57,59.53,294.6,61,1,4.31,clear sky
589,Oistins,BB,13.07,-59.53,298.2,73,75,6.69,broken clouds
590,Tarnogskiy Gorodok,RU,60.5,43.58,265.95,92,100,3.8,overcast clouds
591,Tongchuan,CN,35.08,109.09,274.1,77,54,0.71,broken clouds
592,Bosaso,SO,11.28,49.18,297.65,66,30,2.11,scattered clouds
593,Vredendal,ZA,-31.67,18.5,298.45,51,100,4.49,overcast clouds
594,Shingu,JP,33.73,135.98,278.66,67,0,2.29,clear sky
595,Vilcun,CL,-38.65,-72.23,299.56,8,52,1.57,broken clouds
596,Bud,US,39.45,-86.18,270.44,85,100,3.73,light snow
597,Onega,RU,63.91,38.14,258.88,98,55,1.62,broken clouds
598,Sangin,AF,32.07,64.84,286.05,28,3,0.85,clear sky
599,Verkh-Usugli,RU,52.7,115.17,248.25,96,90,1.09,overcast clouds
600,Fevik,NO,58.38,8.68,278.02,96,100,10.74,light rain
601,Sergeyevka,KZ,53.88,67.42,258.81,99,96,2.72,overcast clouds
602,Moree,AU,-29.47,149.85,290.16,67,29,4.63,scattered clouds
603,Steamboat Springs,US,40.48,-106.83,266.87,81,0,2.06,clear sky
604,Nyrsko,CZ,49.29,13.14,277.52,79,6,2.12,clear sky
605,Ostuni,IT,40.73,17.58,286.65,81,100,2.91,overcast clouds
606,Dera Ismail Khan,PK,31.83,70.9,288.48,35,0,1.76,clear sky
607,Pozo Colorado,PY,-23.49,-58.8,312.21,22,75,1.86,broken clouds
608,Pervomayskoye,RU,43.92,46.71,278.5,77,15,3.06,few clouds
609,Nantucket,US,41.28,-70.1,285.42,71,0,8.23,clear sky
610,Eston,CA,51.15,-108.75,272.09,77,79,2.75,broken clouds
611,Quatre Cocos,MU,-20.21,57.76,300.21,81,61,3.63,light rain
612,Doctor Arroyo,MX,23.67,-100.18,288.58,52,27,0.9,scattered clouds
613,Zhireken,RU,52.82,117.31,247.48,99,99,1.1,overcast clouds
614,Alice Springs,AU,-23.7,133.88,290.9,68,0,0.0,clear sky
615,Santa Cruz De La Palma,ES,28.68,-17.76,293.23,68,75,6.17,broken clouds
616,Dubasari,MD,47.26,29.16,277.76,67,32,3.41,scattered clouds
617,Shimoda,JP,34.67,138.95,282.18,66,97,1.01,overcast clouds
618,Baoshan,CN,46.56,131.42,254.85,93,59,2.93,broken clouds
619,London,GB,51.51,-0.13,281.24,66,100,6.69,overcast clouds
620,Nerchinskiy Zavod,RU,51.31,119.61,244.6,100,100,1.0,overcast clouds
621,Ende,ID,-8.84,121.66,297.78,88,100,0.51,overcast clouds
622,Yeniseysk,RU,58.45,92.17,253.85,89,7,3.09,clear sky
623,Znamenskoye,RU,57.13,73.83,254.47,94,29,3.6,scattered clouds
624,Peterhead,GB,57.51,-1.8,281.32,82,88,8.07,overcast clouds
625,Puro,PH,12.48,123.38,297.54,87,100,5.21,overcast clouds
626,Minot,US,48.23,-101.3,261.27,67,100,2.57,overcast clouds
627,Colesberg,ZA,-30.72,25.1,302.94,23,26,2.61,scattered clouds
628,Maldonado,UY,-34.67,-54.92,291.81,94,100,6.72,overcast clouds
629,Mangan,IN,27.52,88.53,282.86,44,4,3.38,clear sky
630,Zlobin,HR,45.29,14.65,277.76,48,0,4.63,clear sky
631,Funtua,NG,11.52,7.31,301.46,9,27,4.64,scattered clouds
632,Timaru,NZ,-44.4,171.25,282.63,91,100,3.13,overcast clouds
633,Pilar,BR,-9.6,-35.96,302.11,51,57,6.9,broken clouds
634,Sharan,RU,54.82,54.0,268.94,94,100,2.7,overcast clouds
635,Aksu,CN,41.12,80.26,272.54,45,77,1.88,broken clouds
636,Sinop,TR,41.77,34.87,275.41,74,79,1.69,broken clouds
637,Adrar,MR,20.5,-10.07,298.7,14,24,6.39,few clouds
638,Kimbe,PG,-5.55,150.14,296.84,94,100,1.19,overcast clouds
639,Kargopol,RU,61.51,38.95,264.42,95,76,2.94,broken clouds
640,Faya,SA,18.39,42.45,289.21,75,28,1.4,scattered clouds
641,Cairns,AU,-16.92,145.77,299.12,84,43,2.57,scattered clouds
642,Dudinka,RU,69.41,86.18,252.47,83,21,6.83,few clouds
643,Kondratovo,RU,57.98,56.11,270.31,86,75,4.02,broken clouds
644,Punta De Piedra,VE,7.62,-71.49,307.61,31,98,1.63,overcast clouds
645,Cuamba,MZ,-14.8,36.54,294.15,96,100,0.71,moderate rain
646,Kesan,TR,40.86,26.63,283.42,81,98,6.44,overcast clouds
647,Puerto Escondido,MX,15.85,-97.07,301.61,74,0,1.54,clear sky
648,Ormara,PK,25.21,64.64,294.97,54,0,5.98,clear sky
649,Zapolyarnyy,RU,69.42,30.81,260.75,97,28,2.46,scattered clouds
650,Miramar,US,25.99,-80.23,301.16,71,40,2.57,scattered clouds
651,Henties Bay,NA,-22.12,14.28,296.96,79,14,3.64,light rain
652,Dzerzhinskoye,RU,56.83,95.23,246.81,100,37,1.37,scattered clouds
653,Abancay,PE,-13.63,-72.88,289.73,85,100,1.31,overcast clouds
654,Snasa,NO,64.25,12.38,269.26,95,100,2.17,overcast clouds
655,Slave Lake,CA,55.28,-114.77,265.14,79,100,3.09,overcast clouds
656,Honiara,SB,-9.43,159.95,297.75,88,100,0.45,overcast clouds
657,Srednekolymsk,RU,67.45,153.68,237.17,98,56,3.23,broken clouds
658,Camopi,GF,3.17,-52.32,299.05,92,85,1.98,overcast clouds
659,Pamanukan,ID,-6.28,107.81,298.71,85,100,2.01,overcast clouds
660,Taft,IR,31.75,54.21,282.12,58,100,4.12,overcast clouds
661,Udachnyy,RU,66.42,112.4,248.64,100,94,1.39,overcast clouds
662,Olinda,BR,-8.01,-34.86,304.0,62,40,4.12,scattered clouds
663,Vizinga,RU,61.07,50.1,266.41,96,100,1.8,overcast clouds
664,College Place,US,46.05,-118.39,281.79,80,0,2.06,clear sky
665,Copiapo,CL,-27.37,-70.33,294.98,32,0,5.22,clear sky
666,Kendari,ID,-3.94,122.5,297.47,93,99,1.73,overcast clouds
667,Mackenzie,CA,55.3,-123.17,273.27,55,100,3.6,overcast clouds
668,Krasnopavlivka,UA,49.14,36.33,272.81,89,95,5.5,overcast clouds
669,Evensk,RU,61.95,159.23,248.53,73,36,3.18,scattered clouds
670,Biltine,TD,14.53,20.92,300.82,9,26,4.27,scattered clouds
671,Kenitra,MA,34.26,-6.58,293.55,63,12,4.39,few clouds
672,Rayagada,IN,19.17,83.42,291.31,71,47,0.78,scattered clouds
673,San Cristobal,VE,7.77,-72.22,297.25,39,96,3.7,overcast clouds
674,Ujkigyos,HU,46.58,21.03,278.23,50,14,5.31,few clouds
675,Berdigestyakh,RU,62.1,126.7,242.32,100,98,1.2,overcast clouds
676,Bennington,US,42.88,-73.2,283.32,62,0,3.09,clear sky
677,Leh,IN,34.17,77.58,255.99,63,100,0.85,overcast clouds
678,Rio Gallegos,AR,-51.62,-69.22,293.18,24,40,18.01,scattered clouds
679,Anadyr,RU,64.75,177.48,238.43,75,0,5.0,clear sky
680,Estacion Coahuila,MX,32.19,-115.0,297.02,18,0,3.42,clear sky
681,Pedernales,DO,18.04,-71.74,303.43,40,6,5.77,clear sky
682,Dulce Nombre De Culmi,HN,15.1,-85.53,301.28,48,33,2.09,scattered clouds
683,Riyadh,SA,24.69,46.72,289.23,30,3,6.78,clear sky
684,Keetmanshoop,NA,-26.58,18.13,301.66,54,90,3.09,overcast clouds
685,Ghioroiu,RO,44.7,23.83,281.13,72,85,5.35,overcast clouds
686,Tobermory,CA,45.25,-81.67,254.99,96,100,6.95,overcast clouds
687,Sao Jose Da Coroa Grande,BR,-8.9,-35.15,302.95,62,52,6.61,broken clouds
688,Wladyslawowo,PL,54.79,18.4,275.34,65,83,6.4,broken clouds
689,General Teran,MX,25.27,-99.68,296.01,54,0,7.5,clear sky
690,Sijunjung,ID,-0.69,100.95,295.74,96,84,0.7,broken clouds
691,Florianopolis,BR,-27.61,-48.5,302.35,69,20,4.63,few clouds
692,Goure,NE,13.98,10.27,300.38,8,8,4.28,clear sky
693,San Andres,CO,12.58,-81.7,301.16,69,75,6.69,broken clouds
694,Sao Paulo De Olivenca,BR,-3.38,-68.87,306.48,49,97,1.89,overcast clouds
695,Mount Vernon,US,40.91,-73.84,288.18,46,75,8.75,broken clouds
696,Richards Bay,ZA,-28.78,32.04,297.99,78,0,5.14,clear sky
697,Baruun-Urt,MN,46.68,113.28,248.45,99,66,1.64,broken clouds
698,Lodwar,KE,3.12,35.6,306.34,23,53,3.27,broken clouds
699,Hirado,JP,33.36,129.55,282.79,76,100,4.53,light rain
700,Sao Felix Do Xingu,BR,-6.64,-52.0,295.34,98,100,0.74,light rain
701,Friendswood,US,29.53,-95.2,291.5,85,75,3.6,haze
702,Praia Da Vitoria,PT,38.73,-27.07,291.29,68,20,5.26,few clouds
